League,Team,Performance_Axis,Game_Control_Axis,Average_salary(€m),Cluster_Label,Goals_scored/90,xG/90,Goals_conceded/90,xG_conceded/90,Shot_conversion_rate(%),Big_chances_conversion rate,Possession(%),Pass/90,Long_balls/90,Crosses/90,Clearances/90,Possession_won_midfield/90,Possession_won_attacking_3rd/90,Touches_in_opposition_box/90,Tackles/90,Interceptions/90,Saves/90
England,AFC Bournemouth,0.342605548265262,-0.2812750668435227,3.024925,Cluster 2,1.5,1.6,1.4,1.5,11.1,39.13043478260869,50.1,413.73283395755305,53.050397877984075,19.23076923076923,30.9,19.8,4.6,25.0,17.2,9.6,2.9
England,Arsenal,3.085402610256756,3.162704737822152,9.726956,Cluster 1,1.9,1.7,0.7,0.7,12.8,32.258064516129025,56.2,471.1401425178147,44.878048780487795,17.84232365145228,23.8,19.2,4.7,33.0,15.8,7.1,1.6
England,Aston Villa,-0.03503730909118442,0.8840434976592915,6.290071,Cluster 3,1.5,1.3,1.3,1.4,11.6,30.43478260869564,53.6,450.8792497069168,42.48927038626609,16.071428571428573,21.0,15.6,3.4,25.8,15.4,6.3,3.0
England,Brentford,0.9432926225202976,-0.9501017276771908,2.787092,Cluster 0,1.4,1.6,1.4,1.4,13.6,40.0,47.6,395.45454545454544,57.77777777777777,17.91044776119403,29.2,19.4,3.1,24.8,14.6,8.7,2.9
England,Brighton & Hove Albion,0.3472311309568602,1.8854596850545435,2.500578,Cluster 2,1.4,1.5,1.2,1.3,10.5,34.78260869565217,54.1,477.1156138259833,47.004608294930875,19.029850746268654,23.6,20.5,5.1,28.3,17.8,8.5,2.8
England,Burnley,-2.8681758556993953,-3.3284645787766087,2.759024,Cluster 0,1.0,0.9,2.0,2.0,10.7,35.71428571428571,42.3,384.82932996207336,55.61357702349869,13.679245283018869,30.1,15.9,2.8,17.1,16.8,9.0,3.6
England,Chelsea,1.0477293960548877,1.6064428637696633,7.2528,Cluster 2,1.5,1.8,1.4,1.4,11.4,44.44444444444445,57.7,540.3669724770642,45.33333333333333,17.703349282296653,21.9,18.7,3.6,26.4,15.6,9.8,2.8
England,Crystal Palace,-0.5230965647060778,-1.9122519137268763,3.704376,Cluster 0,1.1,1.5,1.3,1.4,9.3,34.61538461538461,45.9,392.4552429667519,54.64480874316939,15.879828326180258,33.7,18.2,3.1,23.8,18.6,8.3,2.9
England,Everton,-0.2685074706718983,-1.1496630774903502,3.906282,Cluster 0,1.2,1.2,1.3,1.5,11.1,42.10526315789473,43.7,380.92848180677544,52.8395061728395,17.982456140350877,29.8,17.8,4.0,23.5,18.5,8.2,2.6
England,Fulham,-0.4665542564242861,-0.12805772878772664,4.344614,Cluster 3,1.2,1.3,1.3,1.4,9.7,37.5,51.7,474.1358760429082,48.00884955752212,18.18181818181818,26.6,17.6,2.5,25.0,17.1,8.6,2.6
England,Leeds United,-0.6131921853965867,-1.0574259217860387,3.275277,Cluster 0,1.3,1.4,1.5,1.5,10.3,34.78260869565217,45.8,395.5919395465995,52.4173027989822,18.11320754716981,30.5,17.4,4.1,23.7,17.4,8.9,2.7
England,Liverpool,0.7640558481619317,2.8964554272518135,8.612481,Cluster 1,1.7,1.6,1.4,1.2,10.7,34.61538461538461,59.3,531.3885647607934,46.35761589403974,19.90950226244344,25.2,18.6,4.1,33.6,13.0,6.9,2.6
England,Manchester City,2.8268880125208624,4.234857860898673,11.017184,Cluster 1,2.0,1.9,0.9,1.2,13.0,40.625000000000014,60.5,588.0225988700564,38.56858846918489,16.417910447761194,21.6,19.4,4.6,37.1,14.4,7.9,2.4
England,Manchester United,1.2972908745448202,0.8278529323358264,8.062379,Cluster 2,1.8,1.7,1.3,1.3,11.6,37.93103448275862,51.8,465.3799758745476,49.673202614379086,16.849816849816847,25.0,20.3,3.4,27.6,18.2,8.6,2.4
England,Newcastle United,0.10668484393460975,0.9556863661131091,5.546083,Cluster 2,1.4,1.5,1.4,1.3,10.8,33.33333333333333,52.6,449.8798076923077,47.91666666666666,23.148148148148145,26.4,19.2,3.7,26.1,14.5,7.3,3.0
England,Nottingham Forest,-0.2648884592049396,-0.4943642996252053,4.228544,Cluster 0,1.3,1.2,1.3,1.5,10.1,44.44444444444444,46.8,408.2825822168088,51.17370892018779,21.69811320754717,25.6,17.5,3.8,22.2,16.9,7.9,2.9
England,Sunderland,-0.8763705595200231,-2.1023906581492984,3.689415,Cluster 3,1.1,1.0,1.3,1.4,10.6,35.29411764705882,44.9,375.1576292559899,52.083333333333336,16.315789473684212,30.5,15.6,3.1,20.1,15.4,7.9,3.1
England,Tottenham Hotspur,-0.6146648784279013,0.1063915408389623,5.025638,Cluster 2,1.3,1.1,1.5,1.4,11.0,36.8421052631579,50.4,413.7254901960785,49.01960784313726,20.247933884297524,26.6,18.7,3.9,24.3,19.6,8.4,2.4
England,West Ham United,-1.0691180823284467,-2.7947238257081835,3.652968,Cluster 0,1.2,1.2,1.7,1.6,11.4,36.8421052631579,42.5,367.8934010152284,53.1578947368421,16.894977168949772,29.0,15.3,3.3,20.3,17.7,9.1,3.5
England,Wolverhampton Wanderers,-3.040159573952959,-2.5464840206007135,3.727027,Cluster 0,0.7,0.9,1.8,1.6,7.3,35.71428571428571,42.7,363.52201257861634,51.715686274509814,18.30985915492958,28.9,15.9,2.6,19.9,19.1,8.5,2.9
France,Angers,-1.626895775312264,-2.1291685659890858,0.763233,Cluster 0,0.9,1.0,1.4,1.6,9.2,40.0,41.9,398.3050847457627,41.47982062780269,15.418502202643172,22.9,17.1,3.1,16.1,18.0,9.3,4.0
France,Auxerre,-1.1279223831112564,-1.8334545446210373,0.794367,Cluster 0,1.0,1.1,1.3,1.4,9.3,35.29411764705882,43.9,372.9763387297634,54.37352245862884,16.04938271604938,22.1,18.8,3.6,17.8,18.1,10.5,3.3
France,Brest,-0.589795698844998,-2.0077015896551473,1.391568,Cluster 0,1.3,1.3,1.6,1.5,11.3,36.363636363636374,43.4,376.2991128010139,59.493670886075954,16.22641509433962,25.9,17.2,4.7,18.4,18.3,10.5,3.0
France,Le Havre,-1.9226019996875194,-1.298659059400277,0.807361,Cluster 0,0.9,1.1,1.3,1.5,8.6,26.315789473684216,46.8,376.04938271604937,49.43310657596372,21.973094170403588,25.3,17.6,3.3,17.6,17.4,9.3,2.9
France,Lens,1.8569142246312675,2.51682190577493,1.821414,Cluster 2,1.9,2.0,1.0,1.3,11.8,29.729729729729726,51.1,463.29411764705884,44.20432220039293,22.448979591836736,20.6,22.4,5.3,30.7,18.7,10.6,2.4
France,Lille,1.3465033976602119,3.126346643591622,1.948814,Cluster 2,1.5,1.6,1.1,1.1,11.3,38.46153846153846,55.8,496.9519343493552,45.67219152854512,18.93004115226337,18.6,19.6,5.3,30.0,15.1,9.3,2.2
France,Lorient,0.41489606151821684,-0.7229265998093857,0.9671,Cluster 3,1.4,1.3,1.5,1.4,12.5,44.99999999999999,45.4,426.8867924528302,46.56188605108055,15.859030837004406,26.0,15.3,3.3,19.1,13.7,8.5,2.4
France,Lyon,1.4106804551470122,1.2631868730742222,1.132968,Cluster 3,1.6,1.6,1.2,1.3,12.7,40.74074074074075,54.6,466.9005847953216,45.564516129032256,20.26431718061674,23.1,17.0,3.8,25.9,14.6,7.3,2.8
France,Marseille,1.4743733622381099,3.0209753085866287,2.721273,Cluster 1,1.9,1.8,1.3,1.4,12.3,36.66666666666667,56.9,540.6818181818182,40.16227180527383,17.289719626168225,18.5,20.4,4.4,25.3,14.9,8.1,2.6
France,Metz,-2.7444625408295704,-1.655734370762512,0.930341,Cluster 3,0.9,1.0,2.2,1.8,9.4,42.85714285714285,48.9,451.57159487776477,52.906976744186046,18.10344827586207,22.6,16.0,2.6,16.3,16.7,8.0,3.6
France,Monaco,1.4317056977948777,2.15927622615629,2.497575,Cluster 2,1.8,1.7,1.6,1.5,14.1,44.827586206896555,53.7,480.57210965435036,42.06008583690987,17.333333333333332,20.7,21.4,5.4,26.3,17.5,10.4,2.8
France,Nantes,-1.813542261212379,-1.9501020944211913,1.306045,Cluster 0,0.9,1.1,1.5,1.4,7.7,35.29411764705882,42.5,342.98356510745896,48.095238095238095,16.0,25.5,16.2,3.2,20.3,16.8,8.5,3.2
France,Nice,-2.2252922240156128,-0.4431824076840577,2.28176,Cluster 0,1.1,1.3,1.8,1.7,9.7,24.0,46.3,417.049576783555,43.66515837104072,18.518518518518515,24.5,19.8,3.6,19.6,15.8,9.6,3.3
France,Paris FC,-0.009369680542547167,-0.08995057965429361,1.525079,Cluster 3,1.4,1.3,1.5,1.6,11.8,45.83333333333333,50.4,467.72673733804476,51.17773019271948,15.833333333333334,26.7,17.0,3.6,21.3,15.7,7.8,2.5
France,Paris Saint-Germain,3.519962326243407,6.747185526858199,8.779011,Cluster 1,2.2,2.1,0.9,0.9,12.3,37.83783783783785,68.8,723.3552631578948,42.8343949044586,15.15151515151515,13.7,22.2,5.8,35.7,14.9,7.3,2.3
France,Rennes,0.9982506437217661,1.6404191742813221,2.721239,Cluster 2,1.7,1.6,1.5,1.6,12.3,50.0,53.5,477.0956316410862,43.91304347826087,19.523809523809522,22.1,19.0,4.8,24.5,16.1,8.7,2.8
France,Strasbourg,1.549435251183585,1.9211715219708423,1.330083,Cluster 1,1.7,1.6,1.4,1.4,14.9,40.0,53.8,518.6363636363636,33.8,16.22641509433962,20.2,18.9,4.2,22.6,16.1,7.7,3.2
France,Toulouse,0.4817281468295079,0.39620960516422166,0.510769,Cluster 2,1.4,1.3,1.4,1.3,11.0,47.36842105263158,42.2,366.29901960784315,41.44736842105263,14.559386973180075,23.2,19.7,4.6,24.5,16.0,9.3,2.5
Germany,FC Koln,-0.9151807165639232,-1.1974617599963133,1.733478,Cluster 3,1.4,1.6,1.9,1.6,10.7,32.00000000000001,47.0,408.1381011097411,56.563245823389025,18.68131868131868,29.6,15.7,3.2,24.7,14.2,7.9,2.8
Germany,Augsburg,-1.5992232799627737,-1.2331166040596435,1.817451,Cluster 0,1.3,1.4,1.8,1.9,10.0,36.363636363636374,44.0,391.7617237008872,54.37352245862884,18.64406779661017,28.9,18.1,3.9,22.7,15.9,8.5,3.1
Germany,Bayer Leverkusen,1.83250135984392,2.23214386373055,3.74464,Cluster 1,2.0,1.9,1.4,1.4,13.2,37.83783783783785,59.2,605.328798185941,47.01195219123506,18.25726141078838,21.4,18.5,3.9,27.7,14.1,7.4,3.5
Germany,Bayern Munchen,7.177149426833211,6.4494558083780635,10.187292,Cluster 1,3.6,3.0,1.1,1.2,18.7,44.89795918367348,67.4,700.9977827050997,45.06578947368421,16.037735849056602,17.0,20.8,5.5,41.0,12.8,8.4,2.0
Germany,Borussia Dortmund,3.7280436253926874,2.276628181766555,5.771746,Cluster 2,2.1,1.9,1.0,1.2,15.8,48.38709677419355,53.2,493.2384341637011,48.0,19.691119691119688,23.9,21.3,4.7,27.5,14.4,8.0,2.6
Germany,Borussia Monchengladbach,-0.505036844359794,-2.2761375775853963,1.405258,Cluster 0,1.2,1.3,1.6,1.5,10.6,44.44444444444444,46.7,442.2843256379101,48.148148148148145,15.18987341772152,31.1,17.6,2.6,21.1,16.5,9.5,4.0
Germany,Eintracht Frankfurt,0.5097154843475817,-0.10957723329833909,2.998798,Cluster 3,1.8,1.3,1.9,1.5,14.9,40.0,55.0,497.85969084423306,52.44444444444444,14.977973568281937,25.7,16.6,3.3,24.1,15.6,9.3,2.9
Germany,FC Heidenheim,-2.3031055598970642,-3.4262188022536315,1.139474,Cluster 0,1.2,1.4,2.1,1.9,10.6,28.000000000000004,42.2,362.54876462938876,62.700228832951936,16.8,32.5,16.1,2.9,19.5,15.4,9.2,3.4
Germany,Freiburg,0.1804536896961903,-1.1977461057418741,2.5964,Cluster 3,1.5,1.4,1.7,1.4,12.2,40.90909090909092,48.1,406.51906519065193,52.262443438914026,17.562724014336922,27.8,17.2,2.7,22.3,14.4,8.6,3.0
Germany,Hamburger SV,-1.784803617699894,-2.811916709695435,1.566265,Cluster 0,1.2,1.2,1.6,1.8,9.6,33.333333333333336,45.4,389.97524752475255,55.581395348837205,15.879828326180258,32.2,15.4,2.7,19.9,15.0,8.8,3.4
Germany,Hoffenheim,1.3262255584772864,1.377355058583117,2.127607,Cluster 2,1.9,1.6,1.5,1.5,13.5,42.85714285714285,55.2,472.27722772277235,56.54205607476636,20.279720279720276,30.6,21.6,5.3,28.0,15.5,8.0,2.9
Germany,Mainz 05,-0.7217053318909283,-1.9754996898254706,1.709225,Cluster 0,1.3,1.6,1.6,1.7,10.7,34.375,44.0,370.6349206349206,60.146699266503674,20.078740157480315,30.5,17.7,3.8,26.4,15.4,10.4,3.4
Germany,RB Leipzig,1.1984889012894373,2.1420176731795246,4.0668,Cluster 2,1.9,2.0,1.4,1.5,12.3,30.555555555555557,53.9,503.06965761511213,45.77006507592191,16.666666666666664,26.7,21.1,3.9,33.5,15.1,8.6,2.5
Germany,St. Pauli,-3.219183422334521,-2.1403132281640853,1.136714,Cluster 0,0.9,0.9,1.8,1.7,8.3,25.00000000000001,44.3,427.98459563542997,54.02985074626866,17.435897435897434,28.1,18.9,3.2,16.9,16.9,9.3,3.7
Germany,Union Berlin,-0.8973024152022507,-2.567889529900732,1.641667,Cluster 0,1.3,1.3,1.7,1.5,10.4,36.363636363636374,40.3,334.1597796143251,65.9090909090909,20.000000000000004,31.7,17.8,2.9,22.9,14.8,8.5,2.7
Germany,VfB Stuttgart,1.8788972566811821,1.889940202338451,2.945813,Cluster 2,2.1,1.8,1.4,1.5,13.7,40.625000000000014,57.8,517.1224732461355,48.44444444444444,20.0,25.6,20.4,4.3,28.3,14.3,8.2,3.2
Germany,Werder Bremen,-2.010867267807252,-0.6097440235738801,1.817846,Cluster 0,1.1,1.2,1.8,1.6,8.3,35.29411764705882,51.2,481.044957472661,55.88865096359743,17.95918367346939,28.0,17.8,4.2,23.4,17.1,9.4,3.3
Germany,Wolfsburg,-1.529261205418609,-2.9148859595670458,2.672216,Cluster 0,1.3,1.4,2.0,1.8,11.1,34.61538461538461,45.2,404.18781725888323,55.128205128205124,15.094339622641508,35.6,16.4,3.4,19.1,16.2,8.9,3.6
Italy,Atalanta,0.2067958550074485,1.580825442233195,2.421919,Cluster 2,1.3,1.5,0.9,1.1,9.1,25.0,55.2,494.1037735849057,51.4,18.650793650793652,21.3,20.3,4.0,28.5,15.6,8.4,3.1
Italy,Bologna,0.07126098535796133,0.6464827706670546,1.762871,Cluster 3,1.3,1.2,1.2,1.2,10.0,38.888888888888886,55.0,443.80264741275573,61.53846153846153,17.803030303030305,22.3,19.4,3.5,21.8,14.2,7.3,2.4
Italy,Cagliari,-0.8171965548810501,-2.4234378724208745,1.185908,Cluster 3,1.1,1.0,1.4,1.4,9.6,44.44444444444444,45.6,394.2189421894219,47.98099762470308,14.509803921568627,25.2,15.2,1.9,16.2,16.1,8.6,3.2
Italy,Como,2.3509399626030842,2.774114740614597,1.776603,Cluster 1,1.7,1.6,0.8,0.9,11.8,38.46153846153846,61.6,527.345537757437,40.0,16.165413533834585,19.1,18.4,3.5,25.7,16.4,6.9,2.3
Italy,Cremonese,-1.529930316969119,-2.9939066434751833,1.284115,Cluster 3,0.8,0.9,1.5,1.5,9.3,46.666666666666664,46.4,385.5878634639697,58.269720101781175,18.137254901960787,27.4,14.6,2.3,13.7,14.3,6.9,3.7
Italy,Fiorentina,-0.8785275848396847,-0.10764130856534075,2.676769,Cluster 3,1.1,1.4,1.3,1.3,8.4,30.000000000000004,51.0,423.31360946745565,46.87500000000001,19.196428571428573,21.9,16.4,2.6,21.8,12.3,7.1,3.3
Italy,Genoa,-0.6420119571448385,-0.791817197718106,1.118613,Cluster 3,1.1,1.2,1.3,1.3,9.4,36.8421052631579,48.7,387.4534161490683,50.11933174224344,16.730038022813687,25.5,16.6,4.2,17.9,17.3,7.2,2.9
Italy,Hellas Verona,-3.152939529526152,-2.846274102374679,1.081583,Cluster 0,0.7,0.9,1.6,1.3,5.9,23.076923076923084,40.2,329.4820717131474,53.888888888888886,15.637860082304524,29.2,18.3,2.9,16.9,18.8,10.2,2.6
Italy,Inter,3.6883136714670544,4.405558849315218,5.528563,Cluster 1,2.3,1.9,0.9,0.9,13.7,38.46153846153846,59.7,547.5484606613455,43.20754716981131,23.050847457627118,17.8,18.7,4.7,34.1,15.2,6.4,2.0
Italy,Juventus,1.805922300771473,4.237265706057306,5.069861,Cluster 1,1.6,1.8,0.9,0.9,9.6,35.71428571428571,57.5,520.6697459584295,44.40298507462686,19.665271966527197,16.7,19.3,4.9,34.4,16.1,6.4,1.9
Italy,Lazio,-0.6707627224149835,0.16831746841652187,2.999248,Cluster 3,1.1,1.1,1.1,1.3,9.8,31.57894736842105,50.3,491.91685912240183,43.151969981238274,13.306451612903224,19.6,16.5,2.7,19.2,12.7,7.8,3.2
Italy,Lecce,-2.5776467600481965,-2.2505577504667382,0.674346,Cluster 0,0.7,0.8,1.3,1.5,7.5,30.76923076923077,41.6,321.2,58.205128205128204,16.88311688311688,29.6,19.0,3.6,16.5,17.8,6.9,2.9
Italy,Milan,0.9898156462787603,1.2471667198730707,4.297771,Cluster 3,1.4,1.6,0.9,1.2,10.5,34.61538461538461,51.9,483.8487972508591,41.436464088397784,17.05685618729097,21.4,15.9,3.5,26.4,14.5,6.4,2.9
Italy,Napoli,1.8234659020376855,3.893305803748763,4.293797,Cluster 1,1.5,1.4,0.9,1.0,11.6,44.99999999999999,58.9,556.8807339449542,40.899357601713064,17.699115044247787,16.5,19.9,3.7,24.6,12.2,6.1,2.0
Italy,Parma,-2.6745051911386324,-1.9417640744304576,0.858953,Cluster 3,0.7,0.8,1.2,1.5,6.9,28.57142857142857,44.0,361.58612143742255,48.96551724137931,17.040358744394617,25.0,14.1,2.7,15.6,13.9,6.8,3.0
Italy,Pisa,-3.408066999145487,-2.290796100026351,0.770645,Cluster 0,0.7,1.0,1.9,1.6,7.1,27.77777777777778,40.2,326.8134715025907,54.21412300683372,17.241379310344826,26.1,17.3,3.1,18.1,16.4,9.0,2.8
Italy,Roma,2.096301857257727,2.0103925789918184,4.423066,Cluster 2,1.6,1.4,0.8,1.0,11.7,45.45454545454546,56.3,488.1861575178998,50.55432372505543,18.442622950819672,21.7,21.8,4.4,27.3,15.1,9.4,2.8
Italy,Sassuolo,-0.42574746594306034,-1.9028142735532014,1.568569,Cluster 3,1.2,1.1,1.3,1.5,11.4,40.0,46.1,401.20336943441635,47.93577981651376,11.888111888111887,25.3,14.9,2.6,19.3,13.6,8.2,3.5
Italy,Torino,-1.033847863972104,-1.6335690960798255,2.072636,Cluster 0,1.2,1.2,1.7,1.4,9.8,38.095238095238095,44.2,375.125,55.18763796909493,17.551020408163264,26.5,16.8,3.2,19.7,16.1,8.1,2.8
Italy,Udinese,-0.543949045783331,-1.283619543674747,0.991064,Cluster 3,1.2,1.1,1.3,1.4,10.3,38.888888888888886,45.6,370.0369913686807,50.220264317180614,15.0,27.8,17.0,3.1,20.4,15.2,8.2,2.6
Spain,Athletic Club,-0.6348078222009274,1.7424951900439414,3.341913,Cluster 2,1.1,1.3,1.5,1.1,8.2,38.095238095238095,48.6,409.4645080946451,52.61958997722096,24.299065420560748,21.3,22.0,5.6,25.7,15.0,9.2,2.7
Spain,Atletico Madrid,1.1966721063875365,1.736543815216625,6.429775,Cluster 2,1.6,1.6,1.2,1.3,12.5,36.66666666666667,53.3,505.4906542056075,48.58757062146893,20.622568093385212,21.4,18.7,4.1,27.9,17.0,7.8,2.6
Spain,Barcelona,4.047885000481255,4.941424723461226,8.365386,Cluster 1,2.5,2.3,0.9,1.2,13.7,40.476190476190474,68.8,652.5555555555555,35.82887700534759,14.96062992125984,18.8,19.5,4.3,35.3,16.3,7.4,2.6
Spain,Celta Vigo,1.1393147648242035,-0.16856755695173334,1.682143,Cluster 3,1.4,1.3,1.3,1.3,13.9,45.83333333333333,50.5,497.5609756097561,46.25,11.415525114155251,24.1,16.1,3.1,19.7,14.3,7.2,3.0
Spain,Deportivo Alaves,-0.6168793117585158,-0.43331891205768613,1.1115,Cluster 0,1.2,1.2,1.5,1.3,9.5,40.0,48.0,404.10447761194024,54.71264367816092,20.161290322580644,23.7,18.4,3.7,20.5,18.2,7.8,2.6
Spain,Elche,-1.027100882700478,-0.0968060078460097,1.154591,Cluster 3,1.3,1.1,1.5,1.7,12.0,33.333333333333336,57.7,498.13084112149534,52.04301075268817,16.015625,22.7,16.4,3.3,20.2,17.7,8.2,3.1
Spain,Espanyol,-1.3193618830934557,-1.8947392656383917,1.273958,Cluster 0,1.1,1.3,1.4,1.5,9.0,30.000000000000004,42.3,348.1528662420382,51.77664974619289,21.304347826086957,24.6,16.7,3.6,19.2,16.1,8.4,3.6
Spain,Getafe,-0.16565747096692304,-3.660660390866478,1.31234,Cluster 0,0.8,0.8,1.0,1.1,9.1,53.846153846153854,40.1,287.1201157742403,65.5440414507772,18.750000000000004,28.0,17.1,3.2,15.3,18.0,8.9,3.1
Spain,Girona,-1.389968328480073,-0.47906977567694325,1.855218,Cluster 3,1.0,1.3,1.4,1.5,9.2,30.000000000000004,50.7,467.2112018669778,47.5054229934924,15.454545454545453,25.1,16.6,3.1,21.7,15.5,7.7,3.3
Spain,Levante,-1.0346346107687863,-2.194673335055493,1.010515,Cluster 0,1.2,1.4,1.6,1.6,9.9,36.0,42.8,355.2896725440806,54.337899543378995,17.69230769230769,26.6,16.0,3.7,20.8,15.7,8.7,3.6
Spain,Mallorca,-0.9049775906571916,-1.684495208381732,1.69619,Cluster 3,1.2,1.1,1.5,1.6,11.4,38.095238095238095,46.9,396.9173859432799,57.362637362637365,19.402985074626866,28.9,15.9,3.2,18.6,14.7,7.2,3.0
Spain,Osasuna,-0.2240346580731137,-0.7691541958798838,1.342408,Cluster 3,1.2,1.2,1.3,1.3,9.8,42.10526315789473,46.8,386.06965174129346,52.87610619469026,20.817843866171,26.5,17.2,3.7,23.1,14.5,7.8,3.2
Spain,Rayo Vallecano,-0.7619457063187773,-0.7335698884084989,1.364692,Cluster 0,1.1,1.4,1.2,1.3,7.7,33.333333333333336,53.4,417.5182481751824,59.68819599109131,20.187793427230044,26.1,19.6,3.3,19.8,18.0,8.3,2.9
Spain,Real Betis,0.9823677065313109,-0.2939157944699224,2.799977,Cluster 0,1.6,1.5,1.3,1.2,10.9,41.666666666666664,50.2,470.27027027027026,47.18162839248435,14.754098360655739,28.1,17.4,4.7,22.6,17.3,9.0,3.3
Spain,Real Madrid,2.8730986589524563,3.973021806872879,14.361118,Cluster 1,2.0,2.1,0.9,1.1,11.6,38.70967741935485,59.4,586.845039018952,45.704467353951884,15.16393442622951,16.8,18.3,4.5,35.1,15.6,6.6,2.3
Spain,Real Oviedo,-3.070753616286915,-2.840343134304009,1.164518,Cluster 0,0.7,0.9,1.6,1.6,6.9,31.25,46.1,390.8312958435208,56.9937369519833,17.316017316017316,26.9,16.6,2.8,16.8,17.8,7.9,4.0
Spain,Real Sociedad,0.018403157601340654,0.14605992265333742,2.620503,Cluster 0,1.6,1.4,1.6,1.5,12.6,33.333333333333336,51.3,448.49578820697957,48.73417721518988,17.105263157894736,24.9,18.7,3.8,21.6,17.8,7.9,2.8
Spain,Sevilla,-1.1702007637711433,-0.485566962886406,2.475676,Cluster 0,1.2,1.0,1.6,1.5,10.5,38.46153846153846,51.0,405.2890528905289,53.42163355408389,16.412213740458014,24.3,18.8,3.3,21.4,18.1,8.6,2.6
Spain,Valencia,-0.14403099300527408,-0.5417616910195039,1.956003,Cluster 3,1.2,1.3,1.4,1.2,10.2,38.095238095238095,47.6,405.9975520195838,50.91743119266055,18.333333333333336,26.6,17.0,3.9,21.4,15.9,7.7,2.8
Spain,Villarreal,2.637139717700024,-1.1425740862853953,2.80184,Cluster 3,1.9,1.6,1.2,1.2,15.8,42.85714285714285,44.5,409.3862815884477,45.922746781115876,12.4031007751938,27.0,15.1,3.4,24.9,17.2,8.7,2.7
